Patient_question,True_answer,pmid
"There is a 5.0 years old female Turkish patient with a mutation in CHD7, namely, c. 2443-2A > G and with facial phenotypes of Wide nasal bridge, Posteriorly rotated ears, Thin upper lip vermilion, Chorioretinal coloboma, Protruding ear, Proptosis. What disease might this patient have? Choose from the following options: ",CHARGE syndrome,26551301
"There is a 4.0 years old female Chinese patient with a mutation in CTNNB1, namely, c.495+2dup and with facial phenotypes of Long philtrum, Wide nasal bridge, Strabismus, Hypermetropia. What disease might this patient have? Choose from the following options: ",Neurodevelopmental disorder with spastic diplegia and visual defects,36153650
"There is a 4.5 years old female Chinese patient with a mutation in ARID1B, namely, c.6274C>T; p.Gln2092* in Exon 20 and with facial phenotypes of Wide nasal bridge, Thick eyebrow, Everted lower lip vermilion, Myopia, Broad nasal tip, Long eyelashes, Everted upper lip vermilion, Hypertrichosis, Thick lower lip vermilion, Wide mouth, Thick upper lip vermilion. What disease might this patient have? Choose from the following options: ",Coffin-Siris syndrome 1,33768696
"There is a 5.0 years old male Caucasian patient with a mutation in GATAD2B, namely, c.335 + 4026_1420-155del in exons 3 to 8 and with facial phenotypes of Hypertelorism, Strabismus, Deeply set eye, Periorbital fullness, Pointed chin, Broad forehead, Macrocephaly, Prominent nose. What disease might this patient have? Choose from the following options: ",syndromic neurodevelopmental disorder (GAND),32688057
"There is a 28.0 years old male Chinese patient with a mutation in FGFR2, namely, c.1026C>G (C342W) in exon 10 and with facial phenotypes of Hypertelorism, Mandibular prognathia, Proptosis, Short upper lip, Craniofacial dysostosis. What disease might this patient have? Choose from the following options: ",Crouzon syndrome,33725872
"There is a 11.0 years old male Iranian patient with a mutation in VPS13B, namely, c.8698G>T,p.E2900X and with facial phenotypes of Microcephaly, Hypertelorism, Thick eyebrow, Short upper lip. What disease might this patient have? Choose from the following options: ",Cohen syndrome,34484844
"There is a 0.5 years old female Chinese patient with a mutation in CUL7, namely, c.4898 C > T (p. Thr1633Met) and with facial phenotypes of Short nose, Long philtrum, Prominent forehead, Thick vermilion border. What disease might this patient have? Choose from the following options: ",3-M syndrome 1(3M1),32141654
"There is a 3.33 years old female Egyptian patient with a mutation in FKBP10, namely, c.1113dupT (p.D372*) and with facial phenotypes of Long philtrum, Deep philtrum, High palate, Microretrognathia, Dental malocclusion, Prominence of the premaxilla, Eclabion, Abnormal dental enamel morphology, Prominent median palatal raphe, Lip fissure, Long uvula, Narrow uvula. What disease might this patient have? Choose from the following options: ",BRUCK SYNDROME 1,35278031
"There is a 40.0 years old male Australian patient with a mutation in GPC4, namely, c.1516C>T (p.Gln506*) and with facial phenotypes of Hypertelorism, Prominent forehead, Downturned corners of mouth, Thick vermilion border, Midface retrusion, Wide nose. What disease might this patient have? Choose from the following options: ",Keipert syndrome,30982611
"There is a 7.0 years old female Libyan patient with a mutation in EFTUD2, namely, c.702G>T and with facial phenotypes of Microcephaly, Dental malocclusion, Malar flattening. What disease might this patient have? Choose from the following options: ",Mandibulofacial dysostosis with microcephaly,32943010
"There is a 0.5 years old male Chinese patient with a mutation in TCOF1, namely, c.163C > T (p.Q55X) in exon 2 and with facial phenotypes of Micrognathia, Downslanted palpebral fissures, Malar flattening. What disease might this patient have? Choose from the following options: ",Treacher Collins syndrome 1(TCS1),34058530
"There is a 11.0 years old female Colombian patient with a mutation in KMT2D, namely, c.511-2A> T and with facial phenotypes of Wide nasal bridge, Broad nasal tip, Coloboma, Highly arched eyebrow, Short columella, Long palpebral fissure, Depressed nasal tip. What disease might this patient have? Choose from the following options: ",Kabuki syndrome 1 (KS1),34675602
"There is a 4.0 years old male Chinese patient with a mutation in TRPS1, namely, c.1338C>A (p.Tyr446*) in exon 4 and with facial phenotypes of Long philtrum, Sparse eyebrow, Low-set ears, Thin upper lip vermilion, Sparse hair, Pear-shaped nose. What disease might this patient have? Choose from the following options: ","Tricho-rhino-phalangeal syndrome,TYPE I(TRPS1)",33073934
"There is a 5.0 years old male Chinese patient with a mutation in KMT2A, namely, c.4696G>A,p.Gly1566Arg and with facial phenotypes of Hypertelorism, Depressed nasal bridge, Downslanted palpebral fissures, Thick eyebrow, Trigonocephaly, Midface retrusion, Protruding tongue, Coarse facial features. What disease might this patient have? Choose from the following options: ",Wiedemann-Steiner Syndrome (WSS),34828665
"There is a 12.0 years old male Turkish patient with a mutation in ANTXR1, namely, c.1220_1221insT; (p. Ala408Cysfs*2) and with facial phenotypes of Short nose, Hypertelorism, Depressed nasal bridge, Long philtrum, Micrognathia, Sparse eyelashes, Sparse eyebrow, Frontal bossing, Low-set ears, Anteverted nares, Thick vermilion border, Protruding ear, Macrocephaly, Glaucoma, Alopecia, Relative macrocephaly, Palpebral thickening, Eruption failure. What disease might this patient have? Choose from the following options: ",GAPO Syndrome,25045128
"There is a 5.0 years old male Japanese patient with a mutation in BCL11B, namely, NM_138576.4(BCL11B_v001):c.2439_2452dup [p.(His818Argfs*31)] and with facial phenotypes of Long philtrum, Low-set ears, Narrow mouth, Prominent forehead, Thin upper lip vermilion, Midface retrusion, Retrognathia, Highly arched eyebrow. What disease might this patient have? Choose from the following options: ","INTELLECTUAL DEVELOPMENTAL DISORDER WITH SPEECH DELAY, DYSMORPHIC FACIES, AND T-CELL ABNORMALITIES; IDDSFTA",36470856
"There is a 33.0 years old male Hispanic patient with a mutation in UBE3B, namely, c. 61G > T; (p.Glu21 *) and with facial phenotypes of Short nose, Epicanthus, Sparse eyebrow, Low-set ears, Anteverted nares, Long face, Narrow mouth, Upslanted palpebral fissure, Smooth philtrum, Narrow nasal bridge, Broad eyebrow, Highly arched eyebrow, Blepharophimosis, Abnormal pinna morphology, Malar flattening, Thin vermilion border, Wide nasal base. What disease might this patient have? Choose from the following options: ",Kaufman oculocerebrofacial syndrome,24615390
"There is a 2.5 years old female Chinese patient with a mutation in RUNX2, namely, c.1259C->T; p.T420I and with facial phenotypes of Depressed nasal bridge, Frontal bossing, Facial asymmetry, Delayed eruption of teeth. What disease might this patient have? Choose from the following options: ",cleidocranial dysplasia (CCD),20082269
"There is a 7.91 years old male Caucasian patient with a mutation in PHF6, namely, c.139-8A>G and with facial phenotypes of Short nose, Anteverted nares, Thick eyebrow, Epicanthus inversus, Deeply set eye, Narrow nasal base, Full cheeks. What disease might this patient have? Choose from the following options: ",B?rjeson-Forssman-Lehmann syndrome,19161141
"There is a 64.0 years old female Chinese patient with a mutation in ITGB5, namely, c.608T>C; (p.Ile203Thr) and with facial phenotypes of Narrow palpebral fissure, Depressed nasal bridge, Ptosis, Epicanthus inversus. What disease might this patient have? Choose from the following options: ","BLEPHAROPHIMOSIS, PTOSIS, AND EPICANTHUS INVERSUS (BPES)",34966851
"There is a 6.0 years old female Arab patient with a mutation in BRPF1, namely, c.1054G > C; p.Val352Leu and with facial phenotypes of Hypertelorism, Epicanthus, Narrow palpebral fissure, Wide nasal bridge, Broad eyebrow, Prominent nasal tip. What disease might this patient have? Choose from the following options: ",Intellectual developmental disorder with dysmorphic facies and ptosis(IDDDFP),32457794
"There is a 14.0 years old female Tunisian patient with a mutation in LMNA, namely, c.1580G > A; p.(Arg527His) and with facial phenotypes of Narrow nose, Micrognathia, Anteverted nares, Microretrognathia, Proptosis, Dental crowding. What disease might this patient have? Choose from the following options: ",Mandibuloacral dysplasia with type A lipodystrophy,33422685
"There is a 12.0 years old male Turkish patient with a mutation in WDR72, namely, c.2680_2699delinsACTATAGTT;p.(Ser894Thrfs*15) and with facial phenotypes of Increased overbite, Yellow-brown discoloration of the teeth, Enamel hypomineralization, Excessive dental attrition. What disease might this patient have? Choose from the following options: ","AMELOGENESIS IMPERFECTA, HYPOMATURATION TYPE, IIA3",36836560
"There is a 3.0 years old male Chinese patient with a mutation in ASXL3, namely, c.1795G>T in exon 11 and with facial phenotypes of Hypertelorism, Strabismus, Downslanted palpebral fissures, Prominent forehead, Thin upper lip vermilion, Dental crowding, Highly arched eyebrow, Low hanging columella, Enamel hypoplasia, Periorbital edema. What disease might this patient have? Choose from the following options: ",Bainbridge-Ropers syndrome(BRPS),33392332
"There is a 10.0 years old female Chinese patient with a mutation in TRPS1, namely, c.2726G>C (p.Cys909Ser) in exon 6 and with facial phenotypes of Long philtrum, Thick eyebrow, Thin upper lip vermilion, Bulbous nose, Broad eyebrow, Sparse hair, Absent eyebrow. What disease might this patient have? Choose from the following options: ","Tricho-rhino-phalangeal syndrome,TYPE III(TRPS3)",33073934
"There is a 19.0 years old male Chinese patient with a mutation in UBE2A, namely, c.TAT245TGT,p.Tyr82Cys and with facial phenotypes of Underdeveloped nasal alae, Depressed nasal bridge, Deeply set eye, Synophrys, Prominent supraorbital ridges, Almond-shaped palpebral fissure. What disease might this patient have? Choose from the following options: ",X-linked intellectual disability type Nascimento,32222108
"There is a 5.0 years old male Italian patient with a mutation in CNOT3, namely, c.732dup,p.Ser245GlnfsTer8 and with facial phenotypes of Depressed nasal bridge, Long philtrum, Anteverted nares, Prominent forehead, Upslanted palpebral fissure, Smooth philtrum, Thin upper lip vermilion, Prominent nasal bridge, Broad nasal tip, Prominent nasolabial fold, Thick lower lip vermilion. What disease might this patient have? Choose from the following options: ","intellectual developmental disorder with speech delay, autism and dysmorphic facies (IDDSADF)",34208845
"There is a 29.0 years old female Caucasian patient with a mutation in IFITM5, namely, c.[-14C>T];[=] and with facial phenotypes of Short nose, Anteverted nares, Mandibular prognathia, Narrow mouth, Broad forehead, Blue sclerae, Abnormal facial shape. What disease might this patient have? Choose from the following options: ",osteogenesis imperfecta Type V  (OI),23612438
"There is a 7.0 years old female Iranian patient with a mutation in COLEC10, namely, c. 128 _ 129delCA; p. (Thr43AsnfsTer9) and with facial phenotypes of Micrognathia, Ptosis, Dolichocephaly, Downslanted palpebral fissures, Long face, Epicanthus inversus, Telecanthus, Blepharophimosis, High myopia. What disease might this patient have? Choose from the following options: ",3MC SYNDROME 3,34636477
"There is a 15.0 years old male Iranian patient with a mutation in LARP7, namely, c.C925T (p.Arg309X) in exon 7 and with facial phenotypes of Wide nasal bridge, Low-set ears, Thick vermilion border, Protruding ear, Broad forehead, Retrognathia, Wide nose, Malar flattening. What disease might this patient have? Choose from the following options: ",Alazami syndrome,33356342
"There is a 2.83 years old male Egyptian patient with a mutation in PLOD2, namely, c.1856G>A (p.R619H) and with facial phenotypes of Long philtrum, Deep philtrum, High palate, Dental malocclusion, Abnormal dental enamel morphology, Prominent median palatal raphe. What disease might this patient have? Choose from the following options: ",BRUCK SYNDROME 2,35278031
"There is a 6.0 years old female Vietnamese patient with a mutation in ABCC9, namely, c.3460C>T (p.Arg1154Trp) and with facial phenotypes of Depressed nasal bridge, Long philtrum, Low anterior hairline, Lower eyelid edema, Hypertrichosis. What disease might this patient have? Choose from the following options: ",CANTU SYNDROME,34453476
"There is a 10.25 years old female Chinese patient with a mutation in MAP2K1, namely, c.383G>T; p.Gly128Val in exon 3 and with facial phenotypes of Hypertelorism, Epicanthus, Depressed nasal bridge, Sparse hair. What disease might this patient have? Choose from the following options: ",Cardiofaciocutaneous syndrome 3 (CFC3),31972311
"There is a 3.0 years old male Chinese patient with a mutation in SOX11, namely, c.425C>G,p.A142G and with facial phenotypes of Depressed nasal bridge, Micrognathia, Low-set ears, Prominent forehead, Short philtrum, Wide nose, Highly arched eyebrow, Sparse scalp hair. What disease might this patient have? Choose from the following options: ",Coffin-Siris syndrome 9,35938035
"There is a 23.0 years old male Chinese patient with a mutation in DKC1, namely, c.92A>C (p. Q31P) in exon 3 and with facial phenotypes of Hyperpigmentation of the skin, Oral leukoplakia. What disease might this patient have? Choose from the following options: ",DYSKERATOSIS CONGENITA,36111181
"There is a 7.0 years old female Korean patient with a mutation in SRCAP, namely, c.7330C > T (p.Arg2444*) in exon 34 and with facial phenotypes of Deeply set eye, Triangular face, Short philtrum, Bulbous nose, Wide nose, Thin vermilion border, Small face. What disease might this patient have? Choose from the following options: ",Floating-Harbor syndrome (FLHS),32615693
"There is a 9.0 years old male Chinese patient with a mutation in FBN1, namely, c.5272G>T(p.D1758Y) in exon 42 and with facial phenotypes of Anteverted nares, Deep philtrum, Thick vermilion border, Depressed nasal ridge, Round face. What disease might this patient have? Choose from the following options: ",Geleophysic Dysplasia 2,34040419
"There is a 20.0 years old female Korean patient with a mutation in FBXO11, namely, c.2401_2405dup (p. Gly803Leufs*6) and with facial phenotypes of Short palpebral fissure, Posteriorly rotated ears, High forehead, Upslanted palpebral fissure, Macrotia, Developmental cataract, Nystagmus, Broad forehead, Macrocephaly. What disease might this patient have? Choose from the following options: ",Intellectual developmental disorder with dysmorphic facies and behavioral abnormalities(IDDFBA),32902151
"There is a 8.0 years old female Chinese patient with a mutation in ANKRD11, namely, c.6792dupC,p. P2271Pfs*8 and with facial phenotypes of Depressed nasal bridge, Wide nasal bridge, Smooth philtrum, Thin upper lip vermilion, Triangular face, Protruding ear, Low posterior hairline, Long eyelashes, Anteverted ears, Highly arched eyebrow, Widely-spaced maxillary central incisors. What disease might this patient have? Choose from the following options: ",KBG SYNDROME,34012832
"There is a 23.0 years old female British patient with a mutation in POLD1, namely, c.3209T>A; (p.Ile1070Asn) and with facial phenotypes of Micrognathia, Low-set ears, Narrow mouth, Convex nasal ridge, Proptosis, Dental crowding, Bird-like facies. What disease might this patient have? Choose from the following options: ","Mandibular hypoplasia, deafness, progeroid features, and lipodystrophy syndrome (MDPL)",28521875
"There is a 7.0 years old male Japanese patient with a mutation in PPP1CB, namely, c.146C>G; p.Pro49Arg and with facial phenotypes of Wide nasal bridge, Low-set ears, Broad forehead, Midface retrusion, Highly arched eyebrow. What disease might this patient have? Choose from the following options: ",Noonan syndrome-like disorder with loose anagen hair 2 (NSLH2),35338599
"There is a 14.0 years old male Brazilian patient with a mutation in FAM20C, namely, c.1487C > T in exon 9 and with facial phenotypes of Depressed nasal bridge, Micrognathia, High, narrow palate, Midface retrusion, Proptosis, Dentin dysplasia, Amelogenesis imperfecta. What disease might this patient have? Choose from the following options: ",Raine syndrome,34259997
"There is a 5.0 years old female Chinese patient with a mutation in RECQL4, namely, c.1724_1725delAC; p.His575fs*7 and with facial phenotypes of Hypertelorism, Epicanthus, Narrow palpebral fissure, Microphthalmia, Depressed nasal bridge, Micrognathia, Sparse eyelashes, Sparse eyebrow, Frontal bossing, Sparse scalp hair, Agenesis of permanent teeth, Underfolded helix. What disease might this patient have? Choose from the following options: ",Rothmund-Thomson syndrome,29462647
"There is a 14.0 years old female Arab patient with a mutation in ST3GAL5, namely, c.221T>A (p.Val74Glu) and with facial phenotypes of Abnormal facial shape. What disease might this patient have? Choose from the following options: ",SALT AND PEPPER DEVELOPMENTAL REGRESSION SYNDROME; SPDRS,36833282
"There is a 7.0 years old male Chinese patient with a mutation in POC1A, namely, c.981+1G>A in intron 9 and with facial phenotypes of Epicanthus, Prominent forehead, Microdontia, Triangular face. What disease might this patient have? Choose from the following options: ",SOFT syndrome,34419044
"There is a 0.5 years old female Chinese patient with a mutation in RAB3GAP1, namely, c.75-2A>C in intron 2 and with facial phenotypes of Microphthalmia, Micrognathia, Wide nasal bridge, Narrow mouth, Prominent forehead. What disease might this patient have? Choose from the following options: ",WARBURG MICRO SYNDROME 1(WARBM1),33466118
"There is a 4.0 years old male Polish patient with a mutation in GJA1, namely, c.317T>G; (p.L106R) and with facial phenotypes of Underdeveloped nasal alae, Microphthalmia, Micrognathia, Sparse eyebrow, Prominent nasal tip, Sparse hair, Long nose. What disease might this patient have? Choose from the following options: ",oculo-dento-digital dysplasia (ODDD),24508941
"There is a 3.33 years old female Chinese patient with a mutation in NPR2, namely, c.1112G>A p.(Arg371Gln) and with facial phenotypes of Short nose, Long face, Prominent forehead, Wide nose. What disease might this patient have? Choose from the following options: ","Acromesomelic dysplasia, Maroteaux type(AMDM)",35368703
"There is a 0.01 years old male Chinese patient with a mutation in FGFR2, namely, c.758C>G; p.Pro253Arg in exon 7 and with facial phenotypes of Short nose, Depressed nasal bridge, Broad forehead, Midface retrusion, Wide nose. What disease might this patient have? Choose from the following options: ",Apert Syndrome,29868125
"There is a 0.01 years old female Romanian patient with a mutation in JAG1, namely, c.802delC and with facial phenotypes of Prominent forehead, Deeply set eye, Bulbous nose. What disease might this patient have? Choose from the following options: ",Atypical Alagille Syndrome,31835735
"There is a 9.0 years old male Chinese patient with a mutation in CDH1, namely, c.1198G>A (p.Asp400Asn) and with facial phenotypes of Broad forehead, Sparse hair, High anterior hairline, Agenesis of permanent teeth, Euryblepharon, Ectropion, Distichiasis. What disease might this patient have? Choose from the following options: ",BLEPHAROCHEILODONTIC SYNDROME 1,36552944
"There is a 2.0 years old female Korean patient with a mutation in ACTB, namely, c.826G>A (p.Glu276Lys) and with facial phenotypes of Hypertelorism, Long philtrum, Thin upper lip vermilion, Retrognathia, Wide nose, Bilateral ptosis, Highly arched eyebrow, Depressed nasal tip. What disease might this patient have? Choose from the following options: ",Baraitser-Winter Cerebro-front-face syndrome 1,33334799
"There is a 5.0 years old female Turkish patient with a mutation in CHD7, namely, c. 2443-2A > G and with facial phenotypes of Wide nasal bridge, Posteriorly rotated ears, Thin upper lip vermilion, Chorioretinal coloboma, Protruding ear, Proptosis. What disease might this patient have? Choose from the following options: ",CHARGE syndrome,26551301
"There is a 17.0 years old female Chinese patient with a mutation in RPS6KA3, namely, c.898C>T (p.R300X) and with facial phenotypes of Abnormal facial shape. What disease might this patient have? Choose from the following options: ",COFFIN-LOWRY SYNDROME; CL,36046249
"There is a 7.66 years old female Chinese patient with a mutation in ARID2, namely, c. 2610delT and with facial phenotypes of Micrognathia, Low-set ears, Anteverted nares, Posteriorly rotated ears, Thick eyebrow, Depressed nasal ridge, Wide mouth, Thick upper lip vermilion. What disease might this patient have? Choose from the following options: ",COFFIN-SIRIS SYNDROME 6,35813374
"There is a 22.0 years old female Arab patient with a mutation in TMCO1, namely, c.616C>T; p.(Arg206*) and with facial phenotypes of Hypertelorism, Epicanthus, Micrognathia, Wide nasal bridge, Frontal bossing, Low-set ears, Thick eyebrow, Upslanted palpebral fissure, Synophrys, Narrow forehead, Flat face, Brachycephaly, Long eyelashes, Highly arched eyebrow. What disease might this patient have? Choose from the following options: ",Cerebro-facio-thoracic dysplasia syndrome (CFTD),31102500
"There is a 6.0 years old female Iranian patient with a mutation in ERCC8, namely, c.317_320dupAGTG,p.Trp107Ter and with facial phenotypes of Microcephaly, Micrognathia, Strabismus, Deeply set eye, Macrotia, Hearing impairment, Long nose, Progeroid facial appearance. What disease might this patient have? Choose from the following options: ",Cockayne syndrome A,34461059
"There is a 33.0 years old female Chinese patient with a mutation in CDK13, namely, c.2149 G>A (p. Gly717Arg) in exon 4 and with facial phenotypes of Epicanthus, Micrognathia, Wide nasal bridge, Ptosis, Strabismus, Low-set ears, Narrow mouth, Upslanted palpebral fissure, Thin upper lip vermilion, Telecanthus, Depressed nasal ridge. What disease might this patient have? Choose from the following options: ","Congenital heart defects, dysmorphic facial features, and intellectual developmental disorder",35034425
"There is a 0.16 years old female Indian patient with a mutation in EFNB1, namely, c.702_703delCA; p.(Phe234Leu*84) and with facial phenotypes of Hypertelorism, Depressed nasal bridge, Wide nasal bridge, Bifid nasal tip, Ptosis, Frontal bossing, Low-set ears, High palate, Telecanthus, Brachycephaly. What disease might this patient have? Choose from the following options: ",Craniofrontonasal Syndrome,24919122
"There is a 0.1 years old female Egyptian patient with a mutation in CANT1, namely, c.277_278delCT; p.Leu93ValfsTer89 and with facial phenotypes of Depressed nasal bridge, Long philtrum, Low-set ears, Narrow mouth, Microretrognathia, Flat face, Midface retrusion, Proptosis, Round face, Blue sclerae. What disease might this patient have? Choose from the following options: ",DESBUQUOIS DYSPLASIA 1(DBQD1),34602954
"There is a 7.0 years old female Portuguese patient with a mutation in WAC, namely, c.1407del; p.(Ser470Valfs*15) and with facial phenotypes of Microcephaly, Depressed nasal bridge, Anteverted nares, Thick eyebrow, Epicanthus inversus, Deeply set eye, Synophrys, Bulbous nose, Long palpebral fissure, Wide mouth. What disease might this patient have? Choose from the following options: ",DeSanto-Shinawi syndrome,34997803
"There is a 45.0 years old male Chinese patient with a mutation in CNNM4, namely, c.598T>C (p.S200P) and with facial phenotypes of Cataract, Carious teeth, Coloboma, Photophobia, Macular coloboma, Retinoschisis, Photoreceptor layer loss on macular OCT, Scleral staphyloma, Posterior subcapsular cataract, Chorioretinal atrophy, Premature loss of teeth. What disease might this patient have? Choose from the following options: ",Jalili syndrome,35150469
"There is a 13.83 years old male Indian patient with a mutation in COL18A1, namely, c.2908C>T; (p.Arg970Ter) in exon 26 and with facial phenotypes of Hypertelorism, Micrognathia, Short philtrum, Thick vermilion border, Exotropia, Midface retrusion, Axial myopia, Chorioretinal scar. What disease might this patient have? Choose from the following options: ",KNOBLOCH SYNDROME 1,36684549
"There is a 3.0 years old female Japanese patient with a mutation in SURF1, namely, c.49+1 G>T in intron 1 and c.752_753del in exon 8 and with facial phenotypes of Micrognathia, Frontal bossing, Anteverted nares, Esotropia, Hypoplasia of the maxilla, Hypertrichosis. What disease might this patient have? Choose from the following options: ",Leigh syndrome,22410471
"There is a 4.0 years old male Caucasian patient with a mutation in ZMPSTE24, namely, c. 743C > T; p. Pro248Leu in exon 6 and with facial phenotypes of Short nose, Micrognathia, Low-set ears, Sparse scalp hair, Large fontanelles. What disease might this patient have? Choose from the following options: ",Mandibuloacral dysplasia with type B lipodystrophy,20814950
"There is a 1.83 years old male Chinese patient with a mutation in ZEB2, namely, c.1137_1146del TAGTATGTCT in exon 8 and with facial phenotypes of Microcephaly, Hypertelorism, Sparse eyebrow, Frontal bossing, Mandibular prognathia, Widely spaced teeth. What disease might this patient have? Choose from the following options: ",Mowat-Wilson syndrome (MWS),34466018
"There is a 0.58 years old male Caucasian patient with a mutation in KRAS, namely, c.173C>T and with facial phenotypes of Short nose, Hypertelorism, Frontal bossing, Dolichocephaly, Craniosynostosis, Low-set ears, Anteverted nares. What disease might this patient have? Choose from the following options: ",NOONAN SYNDROME 3,19396835
"There is a 3.0 years old female Chinese patient with a mutation in CSNK2A1, namely, c.479A>G,p.H160R and with facial phenotypes of Low-set ears, Prominent forehead, Almond-shaped palpebral fissure. What disease might this patient have? Choose from the following options: ",Okur-Chung neurodevelopmental syndrome (OCNS),34038195
"There is a 0.03 years old male Spanish patient with a mutation in SPECC1L, namely, c.1195C>G,p.(Arg399Gly) and with facial phenotypes of Hypertelorism, Wide nasal bridge, Cleft palate, Anteverted nares, Prominent forehead, Congenital diaphragmatic hernia, Cleft lip. What disease might this patient have? Choose from the following options: ",Opitz G/BBB syndrome,32954677
"There is a 2.58 years old female Chinese patient with a mutation in CREBBP, namely, c.4897_4899delTTC,p.Phe1633del and with facial phenotypes of Microcephaly, Short nose, Hypertelorism, Long philtrum, Micrognathia, Anteverted nares, High palate, Prominent forehead, Full cheeks, Upslanted palpebral fissure, Depressed nasal ridge, Short columella. What disease might this patient have? Choose from the following options: ",Rubinstein-Taybi Syndrome 1(RSTS1),32839936
"There is a 11.0 years old female Chinese patient with a mutation in WDR26, namely, c.977delA (p. N326Ifs*2) in exon 6 and with facial phenotypes of Depressed nasal bridge, Anteverted nares, Widely spaced teeth, Short philtrum, Thick vermilion border, Highly arched eyebrow, Enamel hypoplasia, Wide mouth, Abnormality of the gingiva. What disease might this patient have? Choose from the following options: ",SKRABAN-DEARDORFF SYNDROME,35627197
"There is a 15.0 years old male Japanese patient with a mutation in PACS1, namely, c.607 C>T and with facial phenotypes of Ptosis, Downslanted palpebral fissures, High palate, Thick eyebrow, Smooth philtrum, Thin upper lip vermilion, Low hanging columella. What disease might this patient have? Choose from the following options: ",Schuurs-Hoeijmakers syndrome,34341476
"There is a 35.0 years old male Indian patient with a mutation in BCORL1, namely, c.3793C>T,p.Arg1265Cys and with facial phenotypes of Thick eyebrow, Synophrys, Microtia, Convex nasal ridge, Broad forehead, Prominent nose. What disease might this patient have? Choose from the following options: ",Shukla-Vernon syndrome,33810051
"There is a 5.5 years old male Caucasian patient with a mutation in RBM10, namely, c.413_416del,p.(Ser138Trpfs*60) and with facial phenotypes of Upslanted palpebral fissure, Telecanthus, Everted lower lip vermilion, Nystagmus, Long eyelashes, Retrognathia, Wide mouth, Optic nerve hypoplasia. What disease might this patient have? Choose from the following options: ",TARP syndrome,33340101
"There is a 6.0 years old female Turkish patient with a mutation in SCARF2, namely, c.2291_2292insC (p.Ser765LeufsTer6) in exon 14 and with facial phenotypes of Anteverted nares, Downslanted palpebral fissures, High palate, Dental crowding, Prominent nasal tip, Depressed nasal tip, Blepharophimosis, Prominent nose, Malar flattening. What disease might this patient have? Choose from the following options: ",Van den Ende-Gupta syndrome(VDEGS),35224863
"There is a 5.0 years old male Omani patient with a mutation in PGAP3, namely, c.851A>G; p.H284R in the exon 7 and with facial phenotypes of Narrow palpebral fissure, Long philtrum, Wide nasal bridge, Ptosis, Low-set ears, Deeply set eye, Upslanted palpebral fissure, Smooth philtrum, Thin upper lip vermilion, Macrotia, Exaggerated cupid's bow. What disease might this patient have? Choose from the following options: ",hyperphosphatasia with impaired intellectual development syndrome-4,28794914
"There is a 13.0 years old female Thai patient with a mutation in PYCR2, namely, c.257T>G (p.Val86Gly) and with facial phenotypes of High palate, Deeply set eye, Macrotia, Bulbous nose, Thick vermilion border, Narrow forehead, Short columella, Low anterior hairline. What disease might this patient have? Choose from the following options: ",hypomyelinating leukodystrophy 10 (HLD10),34037307
"There is a 11.0 years old female Saudi patient with a mutation in GEMIN4, namely, c.440A>G; p.His147Arg in exon 2 and with facial phenotypes of Microcephaly, Developmental cataract. What disease might this patient have? Choose from the following options: ","neurodevelopmental features, microcephaly, cataract, and renal abnormalities",35052432
"There is a 4.0 years old male Turkish patient with a mutation in MASP1, namely, c.310C>T; p.Gln104Ter and with facial phenotypes of Hypertelorism, Wide nasal bridge, Ptosis, Downslanted palpebral fissures, Triangular face, Highly arched eyebrow, Blepharophimosis. What disease might this patient have? Choose from the following options: ",3MC syndrome 1,33765348
"There is a 25.0 years old female Korean patient with a mutation in TPM2, namely, c. 397C > T; (p.R133W) and with facial phenotypes of Long philtrum, Wide nasal bridge, Low-set ears, Downslanted palpebral fissures, High palate, Narrow mouth, Triangular face, Retrognathia, Prominent nasolabial fold, Long nasal bridge. What disease might this patient have? Choose from the following options: ","ARTHROGRYPOSIS, DISTAL, TYPE 1A",23678273
"There is a 38.0 years old female Caucasian patient with a mutation in FOXC1, namely, c.313_314insA; p.(Tyr105*) and with facial phenotypes of Hypoplasia of the iris, Glaucoma. What disease might this patient have? Choose from the following options: ",Anterior segment dysgenesis 3(ASGD3),35327965
"There is a 4.0 years old female Chinese patient with a mutation in DYRK1A, namely, c. 930C > A,p. Tyr310 * and with facial phenotypes of Micrognathia, Deeply set eye, Macrotia, Downturned corners of mouth, Bulbous nose. What disease might this patient have? Choose from the following options: ",Autosomal dominant mental retardation-7 (MRD7),31803247
"There is a 0.25 years old male Chinese patient with a mutation in NFIA, namely, c.220C>T/p.Arg74Ter and with facial phenotypes of Hypertelorism, Pointed chin, Broad forehead, Macrocephaly. What disease might this patient have? Choose from the following options: ",BRAIN MALFORMATIONS WITH OR WITHOUT URINARY TRACT DEFECTS(BRMUTD),32926563
"There is a 19.0 years old female Thai patient with a mutation in FBN1, namely, c.3159C > G ,p.Cys1053Trp,in exon 26 and with facial phenotypes of Frontal bossing, High palate, Deeply set eye, Midface retrusion. What disease might this patient have? Choose from the following options: ",Beals syndrome,32534992
"There is a 10.5 years old male Turkish patient with a mutation in THOC6, namely, c.299G>A; p.Trp100Ter and with facial phenotypes of Short palpebral fissure, Sparse eyebrow, Low-set ears, High forehead, Deeply set eye, Upslanted palpebral fissure, Smooth philtrum, Thin upper lip vermilion, Bulbous nose, Long nose. What disease might this patient have? Choose from the following options: ",Beaulieu-Boycott-Innes syndrome,35084103
"There is a 0.58 years old female Chinese patient with a mutation in ASXL1, namely, c.1210C>T/p.R404* and with facial phenotypes of Microcephaly, Hypertelorism, Depressed nasal bridge, Microretrognathia. What disease might this patient have? Choose from the following options: ",Bohring-Opitz syndrome (BOS),34527642
"There is a 35.0 years old female Chinese patient with a mutation in CRYGD, namely, c.233C > T; (p. Ser78Phe) in exon 2 and with facial phenotypes of Developmental cataract, Nystagmus, Amblyopia, Nuclear cataract, Bilateral microphthalmos, Increased corneal curvature. What disease might this patient have? Choose from the following options: ",CATARACT 4,35222542
"There is a 13.0 years old male Chinese patient with a mutation in TRIP12, namely, (c.2959dupT) and with facial phenotypes of . What disease might this patient have? Choose from the following options: ",CLARK-BARAITSER SYNDROME; CLABARS,36275919
"There is a 15.0 years old male Arab patient with a mutation in LRRC32, namely, c.980T>C and with facial phenotypes of Microcephaly, Cleft palate, Posteriorly rotated ears, Triangular face, Prominent nasal bridge, Vitreoretinopathy. What disease might this patient have? Choose from the following options: ","CLEFT PALATE, PROLIFERATIVE RETINOPATHY, AND DEVELOPMENTAL DELAY; CPPRDD",35656379
"There is a 2.0 years old male Chinese patient with a mutation in CREBBP, namely, c.5837dupC and with facial phenotypes of Wide nasal bridge, Downslanted palpebral fissures, Highly arched eyebrow, Triangular mouth. What disease might this patient have? Choose from the following options: ",CUTIS MARMORATA TELANGIECTATICA CONGENITA; CMTC,36937962
"There is a 9.0 years old female Egyptian patient with a mutation in CCDC32, namely, a homozygous 32,583-bp:g.40,529,942_40,562,524del deletion and with facial phenotypes of Short nose, Hypertelorism, Sparse eyebrow, Wide nasal bridge, Strabismus, Upslanted palpebral fissure, Prominent nasal bridge, Exaggerated cupid's bow, Depressed nasal tip, Thick lower lip vermilion, Wide mouth, Wide nasal ridge, Upturned corners of mouth. What disease might this patient have? Choose from the following options: ",Cardiofacioneurodevelopmental syndrome,35451546
"There is a 30.0 years old female Chinese patient with a mutation in ABHD5, namely, c.461T > G; (p.L154R) and with facial phenotypes of Depressed nasal bridge, Ptosis, Broad forehead, Erythematous plaque, Scaling skin. What disease might this patient have? Choose from the following options: ",Chanarin-Dorfman Syndrome,35419035
"There is a 5.0 years old female Israeli patient with a mutation in ERCC6, namely, c. 1034-1035 insT and with facial phenotypes of Microcephaly, Deeply set eye, Prominent nasal bridge, Developmental cataract, Retinopathy. What disease might this patient have? Choose from the following options: ",Cockayne syndrome B,18446857
"There is a 13.0 years old female Chinese patient with a mutation in SMARCB1, namely, c.1096C>T;p.Arg366Cys in Exon 8 and with facial phenotypes of Microcephaly, Wide nasal bridge, Thick eyebrow, Everted lower lip vermilion, Broad nasal tip, Long eyelashes, Everted upper lip vermilion, Sparse hair, Hypertrichosis, Thick lower lip vermilion, Wide mouth, Thick upper lip vermilion. What disease might this patient have? Choose from the following options: ",Coffin-Siris syndrome 3,33768696
"There is a 28.0 years old female Chinese patient with a mutation in SMARCC2, namely, c. 2074G > C (p. Ala692Pro) and with facial phenotypes of Micrognathia, Thin upper lip vermilion, Telecanthus, Narrow forehead, Broad nasal tip, Long palpebral fissure, Thick lower lip vermilion, Hirsutism. What disease might this patient have? Choose from the following options: ",Coffin-Siris syndrome 8,35536477
"There is a 2.0 years old female Chinese patient with a mutation in P4HB, namely, deletion of exons 5 to 8 and with facial phenotypes of Micrognathia, Frontal bossing, Craniosynostosis, Proptosis. What disease might this patient have? Choose from the following options: ",Cole-Carpenter syndrome 1(CLCRP1),29384951
"There is a 1.0 years old female Chinese patient with a mutation in MOGS, namely, c.1694G>A: R565Q and with facial phenotypes of Narrow palpebral fissure, Narrow forehead, Wide nose, Moon facies. What disease might this patient have? Choose from the following options: ","Congenital disorders of glycosylation, type IIb (CDG2B)",31925597
"There is a 0.25 years old male Spanish patient with a mutation in ATRX, namely, c.5786+4 A>G and with facial phenotypes of Short nose, Depressed nasal bridge, Anteverted nares, Open mouth, Hearing impairment, Glaucoma, Corneal opacity, Drooling, Widely-spaced incisors. What disease might this patient have? Choose from the following options: ",Congenital hereditary endothelial dystrophy,35439766
"There is a 2.0 years old male Chinese patient with a mutation in MAPRE2, namely, c.518G>A (p.Arg173Gln) and with facial phenotypes of Epicanthus, Microphthalmia, Depressed nasal bridge, Micrognathia, Wide nasal bridge, Low-set ears, Long face, Narrow mouth, Narrow forehead, Flat face. What disease might this patient have? Choose from the following options: ",Congenital symmetric circumferential skin creases type 2,31903734
"There is a 0.16 years old male Chinese patient with a mutation in IFT122, namely, c.366_376delAGGCCAAGGTG (p.Gly123Glufs*3) and with facial phenotypes of Hypertelorism, Long philtrum, Wide nasal bridge, Frontal bossing, Dolichocephaly, Long face, High forehead, Telecanthus, Everted lower lip vermilion, Macrocephaly, Hypoplasia of the maxilla. What disease might this patient have? Choose from the following options: ",Cranioectodermal dysplasia 1 (CED1),33717254
